Workbook

Sheet Implementation Checklist
A1: No. | B1: Responsible AI Principle | C1: Implementation Requirement | D1: Implementation Activity / Action | E1: Required Documentation / Evidence | F1: Responsible Owner | G1: Priority | H1: Implementation Status | I1: Target Date | J1: Remarks
A2: 1 | B2: Accountability | C2: Assign an Individual Owner for each AI system. | D2: Record the designated owner in the AI inventory.
A3: 2 | B3: Accountability | C3: Define responsibilities for business, development, data, security, privacy and compliance teams. | D3: Create and approve a RACI matrix.
A4: 3 | B4: Accountability | C4: Establish an AI Governance Committee or equivalent oversight mechanism. | D4: Define committee membership, authority, responsibilities and meeting frequency.
A5: 4 | B5: Accountability | C5: Establish an AI governance escalation process. | D5: Document escalation criteria, routes and response responsibilities.
A6: 5 | B6: Accountability | C6: Assign owners to AI risks and remediation actions. | D6: Maintain an AI risk register with accountable owners and target dates.
A7: 6 | B7: Fairness and Non-Discrimination | C7: Assess AI systems for potential bias and discriminatory outcomes. | D7: Perform a fairness and bias impact assessment before deployment.
A8: 7 | B8: Fairness and Non-Discrimination | C8: Test AI outcomes across relevant groups. | D8: Conduct fairness testing and document results.
A9: 8 | B9: Fairness and Non-Discrimination | C9: Establish periodic fairness reassessment. | D9: Include periodic fairness monitoring in the post-deployment review process.
A10: 9 | B10: Transparency | C10: Document the purpose and intended use of each AI system. | D10: Create and maintain AI system documentation.
A11: 10 | B11: Transparency | C11: Inform users when they are interacting with AI where appropriate. | D11: Implement suitable AI disclosure notices.
A12: 11 | B12: Transparency | C12: Document AI capabilities and limitations. | D12: Prepare user guidance, system documentation or model cards.
A13: 12 | B13: Transparency | C13: Maintain appropriate information about data, models and providers. | D13: Maintain AI inventory and technical documentation.
... A69: 68 | B69: Compliance with Laws and Standards | C69: Track and remediate compliance gaps. | D69: Maintain compliance findings and corrective action plans.

Sheet Implementation Summary
A1: Responsible AI Principle | B1: Total Requirements | C1: Implemented | D1: Partially Implemented | E1: In Progress | F1: Not Started | G1: Not Applicable
A2: Accountability | B2: =COUNTIF('Implementation Checklist'!B:B,A2) -> 5 | C2: =COUNTIFS('Implementation Checklist'!B:B,A2,'Implementation Checklist'!H:H,"Implemented") -> 0 | D2: =COUNTIFS('Implementation Checklist'!B:B,A2,'Implementation Checklist'!H:H,"Partially Implemented") -> 0 | E2: =COUNTIFS('Implementation Checklist'!B:B,A2,'Implementation Checklist'!H:H,"In Progress") -> 0 | F2: =COUNTIFS('Implementation Checklist'!B:B,A2,'Implementation Checklist'!H:H,"Not Started") -> 0 | G2: =COUNTIFS('Implementation Checklist'!B:B,A2,'Implementation Checklist'!H:H,"Not Applicable") -> 0
A3: Fairness and Non-Discrimination | B3: =COUNTIF('Implementation Checklist'!B:B,A3) -> 3 | C3: =COUNTIFS('Implementation Checklist'!B:B,A3,'Implementation Checklist'!H:H,"Implemented") -> 0 | D3: =COUNTIFS('Implementation Checklist'!B:B,A3,'Implementation Checklist'!H:H,"Partially Implemented") -> 0 | E3: =COUNTIFS('Implementation Checklist'!B:B,A3,'Implementation Checklist'!H:H,"In Progress") -> 0 | F3: =COUNTIFS('Implementation Checklist'!B:B,A3,'Implementation Checklist'!H:H,"Not Started") -> 0 | G3: =COUNTIFS('Implementation Checklist'!B:B,A3,'Implementation Checklist'!H:H,"Not Applicable") -> 0
A4: Transparency | B4: =COUNTIF('Implementation Checklist'!B:B,A4) -> 6 | C4: =COUNTIFS('Implementation Checklist'!B:B,A4,'Implementation Checklist'!H:H,"Implemented") -> 0 | D4: =COUNTIFS('Implementation Checklist'!B:B,A4,'Implementation Checklist'!H:H,"Partially Implemented") -> 0 | E4: =COUNTIFS('Implementation Checklist'!B:B,A4,'Implementation Checklist'!H:H,"In Progress") -> 0 | F4: =COUNTIFS('Implementation Checklist'!B:B,A4,'Implementation Checklist'!H:H,"Not Started") -> 0 | G4: =COUNTIFS('Implementation Checklist'!B:B,A4,'Implementation Checklist'!H:H,"Not Applicable") -> 0
A5: Explainability | B5: =COUNTIF('Implementation Checklist'!B:B,A5) -> 4 | C5: =COUNTIFS('Implementation Checklist'!B:B,A5,'Implementation Checklist'!H:H,"Implemented") -> 0 | D5: =COUNTIFS('Implementation Checklist'!B:B,A5,'Implementation Checklist'!H:H,"Partially Implemented") -> 0 | E5: =COUNTIFS('Implementation Checklist'!B:B,A5,'Implementation Checklist'!H:H,"In Progress") -> 0 | F5: =COUNTIFS('Implementation Checklist'!B:B,A5,'Implementation Checklist'!H:H,"Not Started") -> 0 | G5: =COUNTIFS('Implementation Checklist'!B:B,A5,'Implementation Checklist'!H:H,"Not Applicable") -> 0
A6: Privacy and Data Protection | B6: =COUNTIF('Implementation Checklist'!B:B,A6) -> 9 | C6: =COUNTIFS('Implementation Checklist'!B:B,A6,'Implementation Checklist'!H:H,"Implemented") -> 0 | D6: =COUNTIFS('Implementation Checklist'!B:B,A6,'Implementation Checklist'!H:H,"Partially Implemented") -> 0 | E6: =COUNTIFS('Implementation Checklist'!B:B,A6,'Implementation Checklist'!H:H,"In Progress") -> 0 | F6: =COUNTIFS('Implementation Checklist'!B:B,A6,'Implementation Checklist'!H:H,"Not Started") -> 0 | G6: =COUNTIFS('Implementation Checklist'!B:B,A6,'Implementation Checklist'!H:H,"Not Applicable") -> 0
A7: Security and Resilience | B7: =COUNTIF('Implementation Checklist'!B:B,A7) -> 9 | C7: =COUNTIFS('Implementation Checklist'!B:B,A7,'Implementation Checklist'!H:H,"Implemented") -> 0 | D7: =COUNTIFS('Implementation Checklist'!B:B,A7,'Implementation Checklist'!H:H,"Partially Implemented") -> 0 | E7: =COUNTIFS('Implementation Checklist'!B:B,A7,'Implementation Checklist'!H:H,"In Progress") -> 0 | F7: =COUNTIFS('Implementation Checklist'!B:B,A7,'Implementation Checklist'!H:H,"Not Started") -> 0 | G7: =COUNTIFS('Implementation Checklist'!B:B,A7,'Implementation Checklist'!H:H,"Not Applicable") -> 0
A8: Safety and Reliability | B8: =COUNTIF('Implementation Checklist'!B:B,A8) -> 6 | C8: =COUNTIFS('Implementation Checklist'!B:B,A8,'Implementation Checklist'!H:H,"Implemented") -> 0 | D8: =COUNTIFS('Implementation Checklist'!B:B,A8,'Implementation Checklist'!H:H,"Partially Implemented") -> 0 | E8: =COUNTIFS('Implementation Checklist'!B:B,A8,'Implementation Checklist'!H:H,"In Progress") -> 0 | F8: =COUNTIFS('Implementation Checklist'!B:B,A8,'Implementation Checklist'!H:H,"Not Started") -> 0 | G8: =COUNTIFS('Implementation Checklist'!B:B,A8,'Implementation Checklist'!H:H,"Not Applicable") -> 0
A9: Human Oversight | B9: =COUNTIF('Implementation Checklist'!B:B,A9) -> 7 | C9: =COUNTIFS('Implementation Checklist'!B:B,A9,'Implementation Checklist'!H:H,"Implemented") -> 0 | D9: =COUNTIFS('Implementation Checklist'!B:B,A9,'Implementation Checklist'!H:H,"Partially Implemented") -> 0 | E9: =COUNTIFS('Implementation Checklist'!B:B,A9,'Implementation Checklist'!H:H,"In Progress") -> 0 | F9: =COUNTIFS('Implementation Checklist'!B:B,A9,'Implementation Checklist'!H:H,"Not Started") -> 0 | G9: =COUNTIFS('Implementation Checklist'!B:B,A9,'Implementation Checklist'!H:H,"Not Applicable") -> 0
A10: Risk-Based Approach | B10: =COUNTIF('Implementation Checklist'!B:B,A10) -> 5 | C10: =COUNTIFS('Implementation Checklist'!B:B,A10,'Implementation Checklist'!H:H,"Implemented") -> 0 | D10: =COUNTIFS('Implementation Checklist'!B:B,A10,'Implementation Checklist'!H:H,"Partially Implemented") -> 0 | E10: =COUNTIFS('Implementation Checklist'!B:B,A10,'Implementation Checklist'!H:H,"In Progress") -> 0 | F10: =COUNTIFS('Implementation Checklist'!B:B,A10,'Implementation Checklist'!H:H,"Not Started") -> 0 | G10: =COUNTIFS('Implementation Checklist'!B:B,A10,'Implementation Checklist'!H:H,"Not Applicable") -> 0
A11: Ethical and Responsible Use | B11: =COUNTIF('Implementation Checklist'!B:B,A11) -> 3 | C11: =COUNTIFS('Implementation Checklist'!B:B,A11,'Implementation Checklist'!H:H,"Implemented") -> 0 | D11: =COUNTIFS('Implementation Checklist'!B:B,A11,'Implementation Checklist'!H:H,"Partially Implemented") -> 0 | E11: =COUNTIFS('Implementation Checklist'!B:B,A11,'Implementation Checklist'!H:H,"In Progress") -> 0 | F11: =COUNTIFS('Implementation Checklist'!B:B,A11,'Implementation Checklist'!H:H,"Not Started") -> 0 | G11: =COUNTIFS('Implementation Checklist'!B:B,A11,'Implementation Checklist'!H:H,"Not Applicable") -> 0
A12: Continuous Monitoring and Improvement | B12: =COUNTIF('Implementation Checklist'!B:B,A12) -> 6 | C12: =COUNTIFS('Implementation Checklist'!B:B,A12,'Implementation Checklist'!H:H,"Implemented") -> 0 | D12: =COUNTIFS('Implementation Checklist'!B:B,A12,'Implementation Checklist'!H:H,"Partially Implemented") -> 0 | E12: =COUNTIFS('Implementation Checklist'!B:B,A12,'Implementation Checklist'!H:H,"In Progress") -> 0 | F12: =COUNTIFS('Implementation Checklist'!B:B,A12,'Implementation Checklist'!H:H,"Not Started") -> 0 | G12: =COUNTIFS('Implementation Checklist'!B:B,A12,'Implementation Checklist'!H:H,"Not Applicable") -> 0
A13: Compliance with Laws and Standards | B13: =COUNTIF('Implementation Checklist'!B:B,A13) -> 5 | C13: =COUNTIFS('Implementation Checklist'!B:B,A13,'Implementation Checklist'!H:H,"Implemented") -> 0 | D13: =COUNTIFS('Implementation Checklist'!B:B,A13,'Implementation Checklist'!H:H,"Partially Implemented") -> 0 | E13: =COUNTIFS('Implementation Checklist'!B:B,A13,'Implementation Checklist'!H:H,"In Progress") -> 0 | F13: =COUNTIFS('Implementation Checklist'!B:B,A13,'Implementation Checklist'!H:H,"Not Started") -> 0 | G13: =COUNTIFS('Implementation Checklist'!B:B,A13,'Implementation Checklist'!H:H,"Not Applicable") -> 0

Sheet Overall Status
A1: Metric | B1: Value
A2: Total Implementation Requirements | B2: =COUNTA('Implementation Checklist'!C:C)-1 -> 68
A3: Implemented | B3: =COUNTIF('Implementation Checklist'!H:H,"Implemented") -> 0
A4: Partially Implemented | B4: =COUNTIF('Implementation Checklist'!H:H,"Partially Implemented") -> 0
A5: In Progress | B5: =COUNTIF('Implementation Checklist'!H:H,"In Progress") -> 0
A6: Not Started | B6: =COUNTIF('Implementation Checklist'!H:H,"Not Started") -> 0
A7: Not Applicable | B7: =COUNTIF('Implementation Checklist'!H:H,"Not Applicable") -> 0
A8: High Priority Items | B8: =COUNTIF('Implementation Checklist'!G:G,"High") -> 0
A9: Medium Priority Items | B9: =COUNTIF('Implementation Checklist'!G:G,"Medium") -> 0
A10: Low Priority Items | B10: =COUNTIF('Implementation Checklist'!G:G,"Low") -> 0
